# hippocampal_pathways.tsv — CA1 afferent topology, distilled from the
# Bezaire, Raikov, Burk, Vyas & Soltesz (2016) eLife 5:e18566 full-scale
# CA1 model (github.com/mbezaire/ca1), datasets cellnumbers_101 / conndata_430 /
# syndata_120 (the model's own defaults in setupfiles/parameters.hoc).
# Regenerate with:  fiber-morpho-input --bezaire <path-to-ca1>/datasets
#
# nconv   presynaptic cells contacting one postsynaptic cell
# nsyn    synapses per such connection;  ntotal = nconv * nsyn
# region  section list to draw from;  dlo/dhi  path-distance window (um) from soma
# w       peak conductance per synapse (uS);  tau1/tau2 rise/decay (ms);  erev (mV)
# A blank/zero nconv means the model defines the synapse but makes no connection.
post	pre	region	dlo	dhi	nconv	nsyn	ntotal	w	tau1	tau2	erev	src
bistratifiedcell	ca3cell	dendrite_list	50	200	5782	2	11564	0.00015	2	6.3	0	extrinsic
bistratifiedcell	eccell	dendrite_list	200	1000	432	2	864	0.00015	2	6.3	0	extrinsic
bistratifiedcell	bistratifiedcell	dendrite_list	50	200	16	10	160	0.00051	0.287	2.67	-60	local
bistratifiedcell	cckcell	dendrite_list	-1	50	12	8	96	0.0007	0.432	4.49	-60	local
bistratifiedcell	cckcell	soma_list	-1	1000	12	8	96	0.0007	0.432	4.49	-60	local
bistratifiedcell	ivycell	dendrite_list	50	200	24	10	240	7.7e-05	2.9	3.1	-60	local
bistratifiedcell	olmcell	apical_list	200	1000	8	10	80	0.00011	0.6	15	-60	local
bistratifiedcell	pyramidalcell	apical_list	100	1000	366	3	1098	0.0019	0.11	0.25	0	local
bistratifiedcell	pvbasketcell	soma_list	-1	1000	39	1	39	0.0029	0.18	0.45	-60	local
bistratifiedcell	scacell	dendrite_list	50	200	1	6	6	0.0006	0.419	4.99	-60	local
cckcell	ca3cell	dendrite_list	50	200	2000	2	4000	0.00065	2	6.3	0	extrinsic
cckcell	eccell	dendrite_list	200	1000	559	2	1118	0.00065	2	6.3	0	extrinsic
cckcell	bistratifiedcell	dendrite_list	50	200	16	10	160	0.0008	0.287	2.67	-60	local
cckcell	cckcell	dendrite_list	-1	50	35	8	280	0.00045	0.432	4.49	-60	local
cckcell	cckcell	soma_list	-1	1000	35	8	280	0.00045	0.432	4.49	-60	local
cckcell	ivycell	dendrite_list	50	200	96	10	960	3.7e-05	2.9	3.1	-60	local
cckcell	olmcell	apical_list	200	1000	40	10	400	0.0012	0.728	20.2	-60	local
cckcell	pvbasketcell	soma_list	-1	1000	38	1	38	0.0012	0.287	2.67	-60	local
cckcell	scacell	dendrite_list	50	200	6	6	36	0.00085	0.419	4.99	-60	local
ivycell	ca3cell	dendrite_list	50	200	1923	2	3846	0.0003	2	6.3	0	extrinsic
ivycell	bistratifiedcell	dendrite_list	50	200	3	10	30	0.0005	0.287	2.67	-60	local
ivycell	cckcell	dendrite_list	-1	50	8	8	64	0.0003	0.432	4.49	-60	local
ivycell	cckcell	soma_list	-1	1000	8	8	64	0.0003	0.432	4.49	-60	local
ivycell	ivycell	dendrite_list	50	200	24	10	240	5.7e-05	2.9	3.1	-60	local
ivycell	pyramidalcell	apical_list	100	1000	9	3	27	0.000405	0.3	0.6	0	local
ivycell	pvbasketcell	soma_list	-1	1000	8	1	8	0.00016	0.287	2.67	-60	local
ivycell	scacell	dendrite_list	50	200	2	6	12	0.00085	0.419	4.99	-60	local
ngfcell	eccell	dendrite_list	-1	1000	523	2	1046	0.0035	2	6.3	0	extrinsic
ngfcell	ivycell	dendrite_list	50	200	28	10	280	5.7e-05	2.9	3.1	-60	local
ngfcell	ngfcell	apical_list	200	1000	17	10	170	0.00016	3.1	42	-60	local
ngfcell	olmcell	apical_list	200	1000	13	10	130	9.8e-05	1.3	10.2	-60	local
olmcell	bistratifiedcell	dendrite_list	50	200	39	10	390	2e-05	1	8	-60	local
olmcell	cckcell	dendrite_list	-1	50	20	8	160	0.0007	1	8	-60	local
olmcell	cckcell	soma_list	-1	1000	20	8	160	0.0007	1	8	-60	local
olmcell	ivycell	dendrite_list	50	200	136	10	1360	5.7e-05	2.9	3.1	-60	local
olmcell	olmcell	basal_list	200	1000	6	10	60	0.0012	0.25	7.5	-60	local
olmcell	pyramidalcell	basal_list	100	1000	2379	3	7137	0.0002	0.3	0.6	0	local
olmcell	scacell	dendrite_list	50	200	2	6	12	0.00085	1	8	-60	local
pyramidalcell	ca3cell	dendrite_list	50	200	5985	2	11970	0.0002	0.5	3	0	extrinsic
pyramidalcell	eccell	dendrite_list	200	1000	1299	2	2598	0.0002	0.5	3	0	extrinsic
pyramidalcell	axoaxoniccell	axon_list	-1	1000	6	6	36	0.00115	0.28	8.4	-60	local
pyramidalcell	bistratifiedcell	dendrite_list	50	200	10	10	100	0.00051	0.11	9.7	-60	local
pyramidalcell	cckcell	dendrite_list	-1	50	13	8	104	0.00052	0.2	4.2	-60	local
pyramidalcell	cckcell	soma_list	-1	1000	13	8	104	0.00052	0.2	4.2	-60	local
pyramidalcell	ivycell	dendrite_list	50	200	42	10	420	4.1e-05	1.1	11	-60	local
pyramidalcell	ngfcell	apical_list	200	1000	14	10	140	6.5e-05	9	39	-60	local
pyramidalcell	olmcell	apical_list	200	1000	8	10	80	0.0003	0.13	11	-60	local
pyramidalcell	pyramidalcell	apical_list	100	1000	197	1	197	0.07	0.1	1.5	0	local
pyramidalcell	pvbasketcell	soma_list	-1	1000	17	11	187	0.0002	0.3	6.2	-60	local
pyramidalcell	scacell	dendrite_list	50	200	2	6	12	0.00076	0.15	3.9	-60	local
pvbasketcell	ca3cell	dendrite_list	50	200	6047	2	12094	0.00022	2	6.3	0	extrinsic
pvbasketcell	bistratifiedcell	dendrite_list	50	200	16	10	160	0.009	0.287	2.67	-60	local
pvbasketcell	cckcell	dendrite_list	-1	50	12	8	96	0.009	0.432	4.49	-60	local
pvbasketcell	cckcell	soma_list	-1	1000	12	8	96	0.009	0.432	4.49	-60	local
pvbasketcell	ivycell	dendrite_list	50	200	24	10	240	0.0007	2.9	3.1	-60	local
pvbasketcell	olmcell	apical_list	200	1000	8	10	80	0.0011	0.25	7.5	-60	local
pvbasketcell	pyramidalcell	apical_list	100	1000	424	3	1272	0.0007	0.07	0.2	0	local
pvbasketcell	pvbasketcell	soma_list	-1	1000	39	1	39	0.0016	0.08	4.8	-60	local
pvbasketcell	scacell	dendrite_list	50	200	1	6	6	0.0013	0.419	4.99	-60	local
scacell	ca3cell	dendrite_list	50	200	1940	2	3880	0.0003	2	6.3	0	extrinsic
scacell	eccell	dendrite_list	200	1000	573	2	1146	0.00045	2	6.3	0	extrinsic
scacell	bistratifiedcell	dendrite_list	50	200	17	10	170	0.0008	0.287	2.67	-60	local
scacell	cckcell	dendrite_list	-1	50	27	8	216	0.0007	0.432	4.49	-60	local
scacell	cckcell	soma_list	-1	1000	27	8	216	0.0007	0.432	4.49	-60	local
scacell	ivycell	dendrite_list	50	200	102	10	1020	3.7e-05	2.9	3.1	-60	local
scacell	olmcell	apical_list	200	1000	40	10	400	0.00015	0.07	29	-60	local
scacell	pyramidalcell	apical_list	100	1000	105	3	315	0.000405	0.3	0.6	0	local
scacell	pvbasketcell	soma_list	-1	1000	24	1	24	0.0006	0.287	2.67	-60	local
scacell	scacell	dendrite_list	50	200	6	6	36	0.001	0.2	2	-60	local
axoaxoniccell	ca3cell	dendrite_list	50	200	4170	2	8340	0.00012	2	6.3	0	extrinsic
axoaxoniccell	eccell	dendrite_list	200	1000	485	2	970	0.00012	2	6.3	0	extrinsic
axoaxoniccell	bistratifiedcell	dendrite_list	50	200	16	10	160	0.0006	0.287	2.67	-60	local
axoaxoniccell	cckcell	dendrite_list	-1	50	12	8	96	0.0007	0.432	4.49	-60	local
axoaxoniccell	cckcell	soma_list	-1	1000	12	8	96	0.0007	0.432	4.49	-60	local
axoaxoniccell	ivycell	dendrite_list	50	200	24	10	240	5.7e-05	2.9	3.1	-60	local
axoaxoniccell	olmcell	apical_list	200	1000	8	10	80	0.00012	0.728	10	-60	local
axoaxoniccell	pyramidalcell	apical_list	100	1000	162	3	486	4e-05	0.3	0.6	0	local
axoaxoniccell	pvbasketcell	soma_list	-1	1000	39	1	39	0.00012	0.287	2.67	-60	local
axoaxoniccell	scacell	dendrite_list	50	200	1	6	6	0.0006	0.419	4.99	-60	local
